{
  "samples": 600,
  "short_shell_histogram": {
    "12": 307,
    "10": 91,
    "11": 173,
    "9": 22,
    "8": 6,
    "7": 1
  },
  "short_shell_best": {
    "family_count": 7,
    "family_centers_deg": [
      19.31192573813952,
      59.23212591480138,
      82.60737990669497,
      115.78391149387272,
      148.4180362611146,
      161.6735397705445,
      178.3076320091688
    ],
    "line_count": 12
  },
  "long_shell_histogram": {
    "8": 7,
    "12": 310,
    "11": 158,
    "10": 108,
    "9": 16,
    "7": 1
  },
  "long_shell_best": {
    "family_count": 7,
    "family_centers_deg": [
      25.684799496489163,
      55.40325679091235,
      78.90659909684643,
      100.77371580448867,
      132.65307351661056,
      168.2458536853754,
      171.34361747160085
    ],
    "line_count": 12
  },
  "target_absolute_family_count": 5,
  "interpretation": {
    "short_shell_hits_target": false,
    "long_shell_hits_target": false
  },
  "subset_class_count": 10,
  "subset_samples_per_class": 100,
  "subset_class_hits": {
    "L10_S0": {
      "hits_family5": 0,
      "best": {
        "class": "L10_S0",
        "long_count": 10,
        "short_count": 0,
        "family_count": 7,
        "family_multiplicities": [
          1,
          1,
          1,
          1,
          2,
          2,
          2
        ],
        "profile_score": 208.0
      }
    },
    "L0_S10": {
      "hits_family5": 0,
      "best": {
        "class": "L0_S10",
        "long_count": 0,
        "short_count": 10,
        "family_count": 7,
        "family_multiplicities": [
          1,
          1,
          1,
          1,
          2,
          2,
          2
        ],
        "profile_score": 208.0
      }
    },
    "L8_S2": {
      "hits_family5": 1,
      "best": {
        "class": "L8_S2",
        "long_count": 8,
        "short_count": 2,
        "family_count": 5,
        "family_multiplicities": [
          1,
          1,
          1,
          1,
          6
        ],
        "profile_score": 6.074074074074074
      }
    },
    "L2_S8": {
      "hits_family5": 0,
      "best": {
        "class": "L2_S8",
        "long_count": 2,
        "short_count": 8,
        "family_count": 8,
        "family_multiplicities": [
          1,
          1,
          1,
          1,
          1,
          1,
          2,
          2
        ],
        "profile_score": 310.0
      }
    },
    "L6_S4": {
      "hits_family5": 0,
      "best": {
        "class": "L6_S4",
        "long_count": 6,
        "short_count": 4,
        "family_count": 8,
        "family_multiplicities": [
          1,
          1,
          1,
          1,
          1,
          1,
          1,
          3
        ],
        "profile_score": 310.0
      }
    },
    "L4_S6": {
      "hits_family5": 1,
      "best": {
        "class": "L4_S6",
        "long_count": 4,
        "short_count": 6,
        "family_count": 5,
        "family_multiplicities": [
          1,
          1,
          1,
          1,
          6
        ],
        "profile_score": 6.074074074074074
      }
    },
    "L5_S5": {
      "hits_family5": 0,
      "best": {
        "class": "L5_S5",
        "long_count": 5,
        "short_count": 5,
        "family_count": 6,
        "family_multiplicities": [
          1,
          1,
          1,
          1,
          2,
          4
        ],
        "profile_score": 108.0
      }
    },
    "L6_S6": {
      "hits_family5": 0,
      "best": {
        "class": "L6_S6",
        "long_count": 6,
        "short_count": 6,
        "family_count": 8,
        "family_multiplicities": [
          1,
          1,
          1,
          1,
          1,
          1,
          2,
          4
        ],
        "profile_score": 314.0
      }
    },
    "L7_S5": {
      "hits_family5": 0,
      "best": {
        "class": "L7_S5",
        "long_count": 7,
        "short_count": 5,
        "family_count": 8,
        "family_multiplicities": [
          1,
          1,
          1,
          1,
          1,
          1,
          2,
          4
        ],
        "profile_score": 314.0
      }
    },
    "L5_S7": {
      "hits_family5": 0,
      "best": {
        "class": "L5_S7",
        "long_count": 5,
        "short_count": 7,
        "family_count": 8,
        "family_multiplicities": [
          1,
          1,
          1,
          1,
          1,
          1,
          3,
          3
        ],
        "profile_score": 314.0
      }
    }
  },
  "top_subset_records": [
    {
      "class": "L8_S2",
      "long_count": 8,
      "short_count": 2,
      "family_count": 5,
      "family_multiplicities": [
        1,
        1,
        1,
        1,
        6
      ],
      "profile_score": 6.074074074074074
    },
    {
      "class": "L4_S6",
      "long_count": 4,
      "short_count": 6,
      "family_count": 5,
      "family_multiplicities": [
        1,
        1,
        1,
        1,
        6
      ],
      "profile_score": 6.074074074074074
    },
    {
      "class": "L4_S6",
      "long_count": 4,
      "short_count": 6,
      "family_count": 6,
      "family_multiplicities": [
        1,
        1,
        1,
        2,
        2,
        3
      ],
      "profile_score": 106.0
    },
    {
      "class": "L8_S2",
      "long_count": 8,
      "short_count": 2,
      "family_count": 6,
      "family_multiplicities": [
        1,
        1,
        1,
        1,
        2,
        4
      ],
      "profile_score": 108.0
    },
    {
      "class": "L5_S5",
      "long_count": 5,
      "short_count": 5,
      "family_count": 6,
      "family_multiplicities": [
        1,
        1,
        1,
        1,
        2,
        4
      ],
      "profile_score": 108.0
    },
    {
      "class": "L10_S0",
      "long_count": 10,
      "short_count": 0,
      "family_count": 7,
      "family_multiplicities": [
        1,
        1,
        1,
        1,
        2,
        2,
        2
      ],
      "profile_score": 208.0
    },
    {
      "class": "L0_S10",
      "long_count": 0,
      "short_count": 10,
      "family_count": 7,
      "family_multiplicities": [
        1,
        1,
        1,
        1,
        2,
        2,
        2
      ],
      "profile_score": 208.0
    },
    {
      "class": "L10_S0",
      "long_count": 10,
      "short_count": 0,
      "family_count": 7,
      "family_multiplicities": [
        1,
        1,
        1,
        1,
        1,
        2,
        3
      ],
      "profile_score": 210.0
    },
    {
      "class": "L10_S0",
      "long_count": 10,
      "short_count": 0,
      "family_count": 7,
      "family_multiplicities": [
        1,
        1,
        1,
        1,
        1,
        2,
        3
      ],
      "profile_score": 210.0
    },
    {
      "class": "L0_S10",
      "long_count": 0,
      "short_count": 10,
      "family_count": 7,
      "family_multiplicities": [
        1,
        1,
        1,
        1,
        1,
        2,
        3
      ],
      "profile_score": 210.0
    },
    {
      "class": "L0_S10",
      "long_count": 0,
      "short_count": 10,
      "family_count": 7,
      "family_multiplicities": [
        1,
        1,
        1,
        1,
        1,
        2,
        3
      ],
      "profile_score": 210.0
    },
    {
      "class": "L5_S5",
      "long_count": 5,
      "short_count": 5,
      "family_count": 7,
      "family_multiplicities": [
        1,
        1,
        1,
        1,
        1,
        2,
        3
      ],
      "profile_score": 210.0
    },
    {
      "class": "L10_S0",
      "long_count": 10,
      "short_count": 0,
      "family_count": 8,
      "family_multiplicities": [
        1,
        1,
        1,
        1,
        1,
        1,
        1,
        3
      ],
      "profile_score": 310.0
    },
    {
      "class": "L10_S0",
      "long_count": 10,
      "short_count": 0,
      "family_count": 8,