{
  "root_count_total": 48,
  "root_count_short": 24,
  "root_count_long": 24,
  "root_line_count_total": 24,
  "root_line_count_short_shell": 12,
  "root_line_count_long_shell": 12,
  "long_shell_matches_24cell_vertex_set_count": 24,
  "samples": 600,
  "family_count_histogram": {
    "23": 76,
    "21": 126,
    "22": 116,
    "17": 16,
    "19": 67,
    "24": 38,
    "20": 103,
    "18": 33,
    "13": 4,
    "15": 11,
    "14": 2,
    "16": 4,
    "11": 2,
    "12": 2
  },
  "best_projection": {
    "family_count": 11,
    "family_centers_deg": [
      1.196631805338086,
      16.5252467061039,
      25.278148611200663,
      42.76358026066758,
      55.57718297775005,
      68.41605549991974,
      85.85001765255493,
      94.65836097876067,
      109.95489627496401,
      115.7453479976224,
      145.60457216029724
    ],
    "line_count": 24,
    "projection": [
      [
        -0.8562045231758759,
        0.2950608082045865,
        -0.3789017229807161,
        0.1904899427189565
      ],
      [
        -0.022193552014263707,
        -0.8112517796350559,
        -0.3442536505505669,
        0.47208836076581356
      ]
    ]
  }
}