{
  "samples": 1000,
  "tesseract_vertex_count": 16,
  "tesseract_edge_count": 32,
  "cell_vertex_count": 24,
  "cell_edge_count": 96,
  "combined_vertex_count": 40,
  "combined_edge_count": 128,
  "family_count_histogram": {
    "8": 1,
    "9": 3,
    "10": 5,
    "11": 9,
    "12": 41,
    "13": 106,
    "14": 218,
    "15": 306,
    "16": 311
  },
  "best_projection": {
    "family_count": 8,
    "projected_edge_count": 128,
    "projected_vertex_count": 40,
    "family_centers_deg": [
      11.780712684733633,
      24.65967705310551,
      37.03868565875355,
      55.336832372349306,
      79.63536671853008,
      114.50346309945627,
      150.35705184973395,
      174.57009484467773
    ],
    "projection": [
      [
        -0.46205207008304927,
        0.23217915791168817,
        0.8230233229088125,
        0.23501772935573328
      ],
      [
        -0.6682053144248303,
        -0.5316738972539622,
        -0.07823204120135174,
        -0.51449419091246
      ]
    ],
    "score": 401.0
  }
}