{
  "node_count": 15,
  "segment_count": 53,
  "lifted_node_frame_from_intersections": {
    "x_levels": [
      -1.3520704432897657,
      0.0,
      1.3520704432897659
    ],
    "y_levels": [
      -1.8626550407922633,
      -0.809740400986322,
      -1.1278456123176193e-17,
      0.809740400986322,
      1.8626550407922633
    ],
    "mapping_rule": "canonical index-wise mapping: x{0,1,2}->sorted recovered x levels; y{0,1,1.5,2,3}->sorted recovered y levels",
    "node_embedding_tolerance": 0.2
  },
  "nodes_in_intersection_cloud": 15,
  "node_hit_indices": [
    0,
    1,
    2,
    3,
    4,
    5,
    6,
    7,
    8,
    9,
    10,
    11,
    12,
    13,
    14
  ],
  "node_miss_indices": [],
  "node_min_dist_to_cloud": {
    "0": 0.16347209269409216,
    "1": 0.05898888189885355,
    "2": 0.046560253465958344,
    "3": 0.02216593213096384,
    "4": 0.18326226918163419,
    "5": 0.013647031553433386,
    "6": 0.03421310008966594,
    "7": 0.025788743369828282,
    "8": 0.03421310008966594,
    "9": 0.013647031553433386,
    "10": 0.18326226918163435,
    "11": 0.022165932130963666,
    "12": 0.04656025346595815,
    "13": 0.05898888189885341,
    "14": 0.16347209269409232
  },
  "segments_supported_by_arrangement_lines": 53,
  "segment_support_rule": "segment direction must match at least one projected arrangement-family angle within 2.0 degrees",
  "arrangement_family_angles_deg": [
    14.036243,
    26.565051,
    36.869898,
    45.0,
    56.309932,
    90.0,
    123.690068,
    135.0,
    143.130102,
    153.434949
  ],
  "segment_supported_ids": [
    [
      0,
      1
    ],
    [
      0,
      4
    ],
    [
      0,
      6
    ],
    [
      0,
      7
    ],
    [
      0,
      11
    ],
    [
      0,
      12
    ],
    [
      1,
      2
    ],
    [
      1,
      5
    ],
    [
      1,
      7
    ],
    [
      1,
      8
    ],
    [
      1,
      10
    ],
    [
      1,
      12
    ],
    [
      2,
      3
    ],
    [
      2,
      5
    ],
    [
      2,
      6
    ],
    [
      2,
      8
    ],
    [
      2,
      9
    ],
    [
      2,
      10
    ],
    [
      2,
      13
    ],
    [
      2,
      14
    ],
    [
      3,
      4
    ],
    [
      3,
      6
    ],
    [
      3,
      7
    ],
    [
      3,
      9
    ],
    [
      3,
      14
    ],
    [
      4,
      7
    ],
    [
      4,
      8
    ],
    [
      4,
      12
    ],
    [
      4,
      13
    ],
    [
      5,
      6
    ],
    [
      5,
      9
    ],
    [
      5,
      11
    ],
    [
      5,
      12
    ],
    [
      6,
      7
    ],
    [
      6,
      10
    ],
    [
      6,
      12
    ],
    [
      6,
      13
    ],
    [
      7,
      8
    ],
    [
      7,
      10
    ],
    [
      7,
      11
    ],
    [
      7,
      13
    ],
    [
      7,
      14
    ],
    [
      8,
      9
    ],
    [
      8,
      11
    ],
    [
      8,
      12
    ],
    [
      8,
      14
    ],
    [
      9,
      12
    ],
    [
      9,
      13
    ],
    [
      10,
      11
    ],
    [
      10,
      14
    ],
    [
      11,
      12
    ],
    [
      12,
      13
    ],
    [
      13,
      14
    ]
  ],
  "segment_unsupported_ids": [],
  "all_nodes_embedded": true,
  "all_segments_supported": true
}