{
  "overall_target_hits": 0,
  "family_count_histogram": {
    "14": 2,
    "15": 7,
    "16": 30,
    "17": 49,
    "18": 101,
    "19": 170,
    "20": 245,
    "21": 266,
    "22": 211,
    "23": 93,
    "24": 26
  },
  "top5_classes": [
    {
      "class": "ratio=1:1|planes=01|23",
      "count": 80,
      "target_hits": 0,
      "best": {
        "ratio_class": "1:1",
        "plane_class": "01|23",
        "base_angle_deg": 15.0,
        "alpha_deg": 14.999999999999998,
        "beta_deg": 14.999999999999998,
        "projection_seed": 19,
        "projected_vertex_count": 48,
        "projected_edge_count": 192,
        "zero_edges": 0,
        "absolute_family_count": 14,
        "family_centers_deg": [
          1.0120557141994837,
          8.632853114706279,
          24.475468192439138,
          30.290734694813978,
          54.823441175481435,
          74.13728496833203,
          81.83362969709987,
          85.7086450375873,
          101.43163418007765,
          123.15556239106309,
          139.6950075425683,
          148.88882706648772,
          155.32117181815718,
          178.8718761895591
        ],
        "projection": [
          [
            -0.3521109777478555,
            0.3793865135613136,
            -0.49187906023108313,
            -0.7000990806903171
          ],
          [
            0.6396008441739975,
            -0.4495315494259122,
            0.0762812008280577,
            -0.6188807030461344
          ]
        ],
        "line_gap": 165,
        "family_gap": 9,
        "vertex_gap": 33,
        "resonance_score": 1081.5
      },
      "mean_family_count": 20.5375
    },
    {
      "class": "ratio=1:1|planes=03|12",
      "count": 80,
      "target_hits": 0,
      "best": {
        "ratio_class": "1:1",
        "plane_class": "03|12",
        "base_angle_deg": 7.5,
        "alpha_deg": 7.499999999999999,
        "beta_deg": 7.499999999999999,
        "projection_seed": 19,
        "projected_vertex_count": 48,
        "projected_edge_count": 192,
        "zero_edges": 0,
        "absolute_family_count": 14,
        "family_centers_deg": [
          8.21830641711405,
          15.227320972244996,
          24.93626139853852,
          53.22943554655488,
          73.57146721247986,
          76.53487300506055,
          81.60065658529588,
          123.88662085207127,
          127.26120422361353,
          137.54059235808927,
          139.6950075425683,
          145.50247725044773,
          148.88882706648772,
          178.8718761895591
        ],
        "projection": [
          [
            -0.3521109777478555,
            0.3793865135613136,
            -0.49187906023108313,
            -0.7000990806903171
          ],
          [
            0.6396008441739975,
            -0.4495315494259122,
            0.0762812008280577,
            -0.6188807030461344
          ]
        ],
        "line_gap": 165,
        "family_gap": 9,
        "vertex_gap": 33,
        "resonance_score": 1081.5
      },
      "mean_family_count": 20.0125
    },
    {
      "class": "ratio=2:3|planes=01|23",
      "count": 80,
      "target_hits": 0,
      "best": {
        "ratio_class": "2:3",
        "plane_class": "01|23",
        "base_angle_deg": 30.0,
        "alpha_deg": 59.99999999999999,
        "beta_deg": 90.0,
        "projection_seed": 0,
        "projected_vertex_count": 44,
        "projected_edge_count": 192,
        "zero_edges": 0,
        "absolute_family_count": 15,
        "family_centers_deg": [
          1.2663624955993278,
          19.731842554450566,
          39.37385912931737,
          49.470308538330556,
          51.167573748890554,
          69.31439509588368,
          70.84744595539345,
          74.64453451864516,
          98.38817367609204,
          107.26987180960533,
          110.34406120176753,
          115.50860536546735,
          144.06520491758798,
          149.15253732832537,
          170.30195930243713
        ],
        "projection": [
          [
            -0.05047916295569932,
            0.12468065699085004,
            -0.44557229035821955,
            0.8850830028559764
          ],
          [
            0.21506477395034093,
            -0.370571330318633,
            -0.8313138415261359,
            -0.35403577367072037
          ]
        ],
        "line_gap": 165,
        "family_gap": 10,
        "vertex_gap": 29,
        "resonance_score": 1179.5
      },
      "mean_family_count": 20.35
    },
    {
      "class": "ratio=3:4|planes=02|13",
      "count": 80,
      "target_hits": 0,
      "best": {
        "ratio_class": "3:4",
        "plane_class": "02|13",
        "base_angle_deg": 30.0,
        "alpha_deg": 90.0,
        "beta_deg": 119.99999999999999,
        "projection_seed": 19,
        "projected_vertex_count": 44,
        "projected_edge_count": 192,
        "zero_edges": 0,
        "absolute_family_count": 15,
        "family_centers_deg": [
          9.416442153995733,
          24.475468192439138,
          51.12383072477079,
          64.97427373792158,
          73.59702410320214,
          76.06544818806765,
          81.83362969709987,
          103.87629418468019,
          121.25485025204824,
          123.88662085207127,
          139.69500754256836,
          148.88882706648772,
          153.41763336887277,
          164.03756205108607,
          178.8718761895591
        ],
        "projection": [
          [
            -0.3521109777478555,
            0.3793865135613136,
            -0.49187906023108313,
            -0.7000990806903171
          ],
          [
            0.6396008441739975,
            -0.4495315494259122,
            0.0762812008280577,
            -0.6188807030461344
          ]
        ],
        "line_gap": 165,
        "family_gap": 10,
        "vertex_gap": 29,
        "resonance_score": 1179.5
      },
      "mean_family_count": 20.05
    },
    {
      "class": "ratio=1:1|planes=02|13",
      "count": 80,
      "target_hits": 0,
      "best": {
        "ratio_class": "1:1",
        "plane_class": "02|13",
        "base_angle_deg": 30.0,
        "alpha_deg": 29.999999999999996,
        "beta_deg": 29.999999999999996,
        "projection_seed": 15,
        "projected_vertex_count": 48,
        "projected_edge_count": 192,
        "zero_edges": 0,
        "absolute_family_count": 15,
        "family_centers_deg": [
          20.451792123441003,
          23.92223132073074,
          27.122599875501855,
          43.9800641719649,
          49.482478219452005,
          62.54739335243883,
          83.1354091164635,
          86.52520742410319,
          91.36670776638823,
          111.34481442363239,
          114.57054607749711,
          119.15885415803167,
          137.9028878380151,
          151.9190541246437,
          175.7901278191186
        ],
        "projection": [
          [
            -0.8677434205550745,
            0.26540528784853995,
            0.3357428187091921,
            0.2527016995404245
          ],
          [
            0.3187564486301142,
            -0.28912693815314394,
            0.8692448257567864,
            0.24333798097699155
          ]
        ],
        "line_gap": 165,
        "family_gap": 10,
        "vertex_gap": 33,
        "resonance_score": 1181.5
      },
      "mean_family_count": 20.0
    }
  ],
  "ratio_summary": {
    "1:1": {
      "count": 240,
      "target_hits": 0,
      "best_score": 1081.5
    },
    "1:2": {
      "count": 240,
      "target_hits": 0,
      "best_score": 1281.5
    },
    "1:3": {
      "count": 240,
      "target_hits": 0,
      "best_score": 1181.5
    },
    "2:3": {
      "count": 240,
      "target_hits": 0,
      "best_score": 1179.5
    },
    "3:4": {
      "count": 240,
      "target_hits": 0,
      "best_score": 1179.5
    }
  },
  "best_overall": {
    "ratio_class": "1:1",
    "plane_class": "01|23",
    "base_angle_deg": 15.0,
    "alpha_deg": 14.999999999999998,
    "beta_deg": 14.999999999999998,